Name,Age,Gender,Email,Score,EnrollmentDate,Passed,Country,Phone,Comments
Allison Hill,n/a,male,n/a,,n/a,Yes,None,908.386.3794x02654,
Gregory Baker,27,M,,,,,Canada,001-310-341-3164,
Carolyn Daniel,n/a,M,,,,,None,n/a,
Zachary Taylor,28,Female,camposmichelle@gmail.com,,n/a,n/a,unknown,n/a,Quite boy those.
Patricia Peterson,20,Female,amoore@hotmail.com,26.17,n/a,n/a,Australia,,
Angelica Tucker,,Male,,7.22,,n/a,USA,,n/a
Gary Palmer,n/a,Male,ilewis@hotmail.com,,2024-11-09,n/a,unknown,001-737-631-1656,Level rock pull worker better I.
Scott Wright,25,F,n/a,,,,Canada,n/a,
Rachel Mitchell,,female,,75.28,2024-12-04,n/a,UK,001-805-009-7882x0812,
Danielle Wheeler,,female,ksandoval@stewart.com,,,n/a,Australia,,
Jeffrey Daniels,n/a,M,contrerasangela@hotmail.com,,,,UK,,Reach table measure economy traditional.
Mark Calderon,18,Female,cookdavid@martin-ramos.biz,25.05,n/a,No,Canada,1128059826,
Hunter Fleming,,male,kimberly69@moore.com,,,n/a,India,,n/a
Matthew Ross,23,Female,,,n/a,n/a,n/a,,
Timothy Ryan,n/a,M,ryan59@alvarado-martinez.com,,,No,unknown,,
Kayla Leon,,male,,,,No,India,,Responsibility himself hundred challenge reach.
Shannon Mcclure,19,male,,,n/a,n/a,None,n/a,Partner rest measure store natural today.
Karen Green,25,M,n/a,92.43,,Yes,unknown,581-223-6231x66587,n/a
Laura Woods,,Male,n/a,19.04,,Yes,n/a,n/a,
Garrett Gibson,,Female,aramirez@yahoo.com,44.77,,Yes,India,080.531.0033x0923,
Jacob Obrien,,F,n/a,85.62,n/a,No,n/a,,Attention positive actually information majority item.
Steven Stevens,n/a,male,,,,n/a,Canada,(945)314-7379x96507,
Adam Vaughan,,male,n/a,0.82,,No,n/a,,n/a
Emily Newton,28,F,,,2021-08-26,Yes,Australia,,
Anthony Everett,18,Female,,,n/a,,UK,,n/a
Annette Farmer,,male,donna23@arnold.com,74.65,,n/a,UK,n/a,
Linda Holloway,,M,,,n/a,n/a,UK,,n/a
Debra Williams,n/a,Male,cstone@white-richards.info,66.88,,,India,,
Virginia Sandoval,n/a,M,hbrown@yahoo.com,71.11,n/a,,unknown,001-770-348-2477x10932,
Bruce Collier,,M,,,,Yes,unknown,,n/a
Mary Grimes,,M,n/a,47.62,,No,UK,,Who call whole forward beyond suddenly between.
Alexis Thomas,21,F,harrisontanya@hanson-sanders.com,66.83,n/a,,India,,
David Jenkins,,female,gregorylynch@harvey-allen.org,15.84,,n/a,India,747.407.4821,
Zachary Castaneda,,M,patrickhoward@haney-phillips.biz,,2022-05-02,,n/a,9097439533,
Amanda Diaz,29,female,,,2023-02-10,,UK,842.474.5171x23685,
Megan Richards,22,F,leonardthomas@hotmail.com,,,No,USA,931-746-1200x47113,Career law provide sea watch industry score.
Jason Garcia,n/a,F,,80.75,,Yes,India,773.515.8506,n/a
Linda Smith,,Female,,,,,Canada,,n/a
Franklin Thompson,,male,n/a,,,n/a,None,,
Michelle James,,female,,,,,India,+1-836-736-5766x1565,n/a
Brent Rodgers,,male,,,2020-06-08,No,Canada,n/a,Several off southern suddenly.
Sabrina Austin,n/a,Male,anthony44@bell-white.com,35.44,,n/a,USA,,Other third choose senior anyone bank kitchen.
Lawrence Perry,20,Female,n/a,,,Yes,unknown,(900)343-2445x1076,
Heather Sanders,n/a,female,esmith@johnston-berry.biz,50.73,n/a,n/a,India,n/a,
Richard Jones,26,Female,rebeccabailey@mullen.com,,,Yes,Australia,329-212-7799x799,n/a
Anthony Romero,n/a,F,dhayes@yahoo.com,,,n/a,n/a,n/a,
Miguel Wagner,20,Female,n/a,,n/a,Yes,Australia,,
Melissa Myers,,F,n/a,78.21,,,Canada,n/a,
Kelsey Stanley,,male,,,,n/a,USA,,
Amy Castillo,,female,,,,No,None,,n/a
Brad Walker,n/a,Female,,60.24,2021-03-03,No,Australia,n/a,n/a
Eric Williams,,F,,,,,unknown,,Indicate professor beat window attack moment medical.
Kristen Myers DDS,23,Female,,89.47,2022-12-07,No,India,,n/a
Andrew Mahoney,,M,,,n/a,,Canada,505-415-6676x5277,Under mind song risk bad own.
Kimberly Morris,,male,,,,n/a,Australia,,n/a
Travis Johnson,n/a,M,,36.1,n/a,Yes,n/a,(543)102-7868x1447,
Jodi Roach,,F,,,,,None,n/a,So ago network hard sound.
Lisa Miller,,Female,ukey@yahoo.com,,,,UK,,Me than story million fight class.
Courtney Meza,23,female,,33.78,n/a,No,UK,n/a,
Marilyn Wang,,Female,n/a,80.41,2022-07-27,n/a,n/a,,
Bianca Wood,n/a,female,,,,Yes,unknown,+1-632-595-3278x774,n/a
Stephen Pena MD,,Male,jordannicole@diaz.com,38.97,n/a,Yes,USA,,
Jordan Porter,24,Male,,39.27,,Yes,USA,952-694-9588x87947,
Rebecca Swanson,,female,,,2024-06-16,No,UK,+1-962-309-1307x5626,
Charles Clark,27,Male,n/a,80.75,2023-11-29,Yes,UK,,
Emily Bailey,n/a,male,,,2022-12-08,n/a,India,,n/a
Courtney Hall,,male,,63.24,,,Australia,(677)345-4019,n/a
Casey Gillespie,30,female,vlopez@yahoo.com,88.47,,Yes,USA,,
Jimmy Scott,n/a,male,,,2023-08-21,n/a,Australia,516.122.7530x46374,
Eric Sullivan,19,F,fowlershelia@yahoo.com,98.44,n/a,,Australia,,Soon stay seven quite other skin moment.
Heidi Stark,,female,,79.82,n/a,,Australia,713.971.8707x28679,Next pull final against.
Aaron Robinson,n/a,Male,n/a,,n/a,Yes,None,n/a,
Nicole Good,n/a,Female,opatel@gmail.com,,2023-12-02,Yes,Australia,n/a,
Andrew Gonzales,n/a,Female,taylorvictoria@cabrera.org,,,Yes,Canada,,
Kristi Williams,25,F,,,,No,unknown,,
Sandra Williams,n/a,female,n/a,,,n/a,Australia,,
Stephen Owens,25,M,,,,Yes,unknown,,
Dawn Underwood,24,M,,26.01,,,USA,,
Mark Peck,22,female,,,,No,USA,n/a,Modern drive people education.
Robert Miller,,Female,,,2022-07-20,n/a,UK,+1-101-666-8700x21765,
Denise Glass,,female,whitemelissa@gmail.com,,,Yes,Canada,,n/a
Brent Hall,,female,,84.66,,n/a,None,n/a,
Aaron Parker,23,female,,,,Yes,Canada,+1-886-101-5819,
Joseph Jennings,29,Female,,39.42,,n/a,n/a,n/a,
Valerie Taylor,n/a,M,timothythompson@yahoo.com,,,No,Canada,,
Rebecca Chambers,,F,,,,Yes,n/a,,
Erin Hogan,25,female,garciajeffrey@stone.info,8.62,,n/a,Canada,(798)250-7146x1125,n/a
Jodi Jones,,Female,johnsonmatthew@byrd.com,,,No,India,n/a,
Donald Padilla,,Female,lloydamanda@nguyen-ellis.com,,n/a,Yes,USA,596.969.1557x92499,
Charles Price,,Female,,,2024-09-20,No,n/a,,
Katherine Miller,30,M,,42.57,n/a,n/a,Canada,,
Xavier Rowe,18,Female,,,,,Canada,,
Paul Jenkins,n/a,F,,91.28,2023-05-05,n/a,n/a,n/a,Old than suggest behavior will play.
Sarah Flynn,21,F,tammysummers@yahoo.com,,,n/a,USA,,
Shannon Mcdowell,,Male,john52@sanders.com,,n/a,No,UK,,
Nicholas Garcia,,male,,,2021-03-19,,n/a,,
Charles Hill,n/a,M,n/a,,,n/a,Canada,,n/a
Laura Diaz,29,female,n/a,,2022-03-25,,n/a,,Mrs check base bad TV window choice.
Kevin Hines,n/a,Male,n/a,93.93,n/a,No,None,n/a,
Alyssa Roman,27,female,bakertheresa@hotmail.com,,,No,USA,,Able teach activity animal hair turn condition.
Joseph Jennings,29,Female,,39.42,,n/a,n/a,n/a,
Andrew Mahoney,,M,,,n/a,,Canada,505-415-6676x5277,Under mind song risk bad own.
Heidi Stark,,female,,79.82,n/a,,Australia,713.971.8707x28679,Next pull final against.
Anthony Romero,n/a,F,dhayes@yahoo.com,,,n/a,n/a,n/a,
Richard Jones,26,Female,rebeccabailey@mullen.com,,,Yes,Australia,329-212-7799x799,n/a
